level,isPromo,id,key,title,slug,link,picto,hasAlcohol,index,no_products
3,False,11508,11508,Maçãs e Peras,macas-e-peras,/shelves/frutas-e-legumes/frutas/macas-e-peras/11508,,,0,16
3,False,11510,11510,Laranjas e Outros Citrinos,laranjas-e-outros-citrinos,/shelves/frutas-e-legumes/frutas/laranjas-e-outros-citrinos/11510,,,1,4
3,False,11511,11511,Bananas e Kiwis,bananas-e-kiwis,/shelves/frutas-e-legumes/frutas/bananas-e-kiwis/11511,,,2,5
3,False,11512,11512,"Pêssegos, Nectarinas e Ameixas",pessegos-nectarinas-e-ameixas,/shelves/frutas-e-legumes/frutas/pessegos-nectarinas-e-ameixas/11512,,,3,7
3,False,11509,11509,Limões e Limas,limoes-e-limas,/shelves/frutas-e-legumes/frutas/limoes-e-limas/11509,,,4,2
3,False,11513,11513,Ananás e Abacaxi,ananas-e-abacaxi,/shelves/frutas-e-legumes/frutas/ananas-e-abacaxi/11513,,,5,3
3,False,11514,11514,Frutos Vermelhos,frutos-vermelhos,/shelves/frutas-e-legumes/frutas/frutos-vermelhos/11514,,,6,9
3,False,11515,11515,Uvas,uvas,/shelves/frutas-e-legumes/frutas/uvas/11515,,,7,6
3,False,11516,11516,"Melão, Meloa e Melancia",melao-meloa-e-melancia,/shelves/frutas-e-legumes/frutas/melao-meloa-e-melancia/11516,,,8,4
3,False,11517,11517,Outros Frutos da Época,outros-frutos-da-epoca,/shelves/frutas-e-legumes/frutas/outros-frutos-da-epoca/11517,,,9,6
3,False,11518,11518,Frutas Tropicais e Exóticas,frutas-tropicais-e-exoticas,/shelves/frutas-e-legumes/frutas/frutas-tropicais-e-exoticas/11518,,,10,11
3,False,11519,11519,Frutos Secos e Desidratados,frutos-secos-e-desidratados,/shelves/frutas-e-legumes/frutas/frutos-secos-e-desidratados/11519,,,11,4
3,False,11531,11531,Alfaces e Rúcula,alfaces-e-rucula,/shelves/frutas-e-legumes/legumes/alfaces-e-rucula/11531,,,12,3
3,False,11522,11522,Batatas,batatas,/shelves/frutas-e-legumes/legumes/batatas/11522,,,13,3
3,False,11523,11523,Cebolas e Alhos,cebolas-e-alhos,/shelves/frutas-e-legumes/legumes/cebolas-e-alhos/11523,,,14,3
3,False,11524,11524,Couves e Feijão Verde,couves-e-feijao-verde,/shelves/frutas-e-legumes/legumes/couves-e-feijao-verde/11524,,,15,9
3,False,11525,11525,Nabos e Grelos,nabos-e-grelos,/shelves/frutas-e-legumes/legumes/nabos-e-grelos/11525,,,16,4
3,False,11526,11526,Agrião e Alho Francês,agriao-e-alho-frances,/shelves/frutas-e-legumes/legumes/agriao-e-alho-frances/11526,,,17,1
3,False,11527,11527,Cenouras e Abóbora,cenouras-e-abobora,/shelves/frutas-e-legumes/legumes/cenouras-e-abobora/11527,,,18,4
3,False,11528,11528,Tomates e Pimentos,tomates-e-pimentos,/shelves/frutas-e-legumes/legumes/tomates-e-pimentos/11528,,,19,10
3,False,11530,11530,Pepinos e Curgetes,pepinos-e-curgetes,/shelves/frutas-e-legumes/legumes/pepinos-e-curgetes/11530,,,20,1
3,False,11529,11529,Cogumelos,cogumelos,/shelves/frutas-e-legumes/legumes/cogumelos/11529,,,21,1
3,False,11534,11534,Ervas Aromáticas,ervas-aromaticas,/shelves/frutas-e-legumes/legumes/ervas-aromaticas/11534,,,22,1
3,False,11533,11533,Outros Legumes,outros-legumes,/shelves/frutas-e-legumes/legumes/outros-legumes/11533,,,23,11
3,False,11539,11539,Porco,porco,/shelves/talho-e-peixaria/talho/porco/11539,,,24,32
3,False,11540,11540,"Novilho, Vitela e Vitelão",novilho-vitela-e-vitelao,/shelves/talho-e-peixaria/talho/novilho-vitela-e-vitelao/11540,,,25,36
3,False,11541,11541,Borrego e Cabrito,borrego-e-cabrito,/shelves/talho-e-peixaria/talho/borrego-e-cabrito/11541,,,26,8
3,False,11542,11542,Coelho,coelho,/shelves/talho-e-peixaria/talho/coelho/11542,,,27,1
3,False,11543,11543,Aves,aves,/shelves/talho-e-peixaria/talho/aves/11543,,,28,40
3,False,11544,11544,"Salsichas, Especialidades e Preparados",salsichas-especialidades-e-preparados,/shelves/talho-e-peixaria/talho/salsichas-especialidades-e-preparados/11544,,,29,18
3,False,11545,11545,Bacalhau,bacalhau,/shelves/talho-e-peixaria/peixaria/bacalhau/11545,,,30,6
3,False,11546,11546,Peixe,peixe,/shelves/talho-e-peixaria/peixaria/peixe/11546,,,31,40
3,False,11547,11547,Marisco,marisco,/shelves/talho-e-peixaria/peixaria/marisco/11547,,,32,13
3,False,11551,11551,Queijo Fatiado e Bolas,queijo-fatiado-e-bolas,/shelves/charcutaria-e-queijos/queijo/queijo-fatiado-e-bolas/11551,,,33,40
3,False,11552,11552,Queijo Ralado e Para Barrar,queijo-ralado-e-para-barrar,/shelves/charcutaria-e-queijos/queijo/queijo-ralado-e-para-barrar/11552,,,34,25
3,False,11553,11553,Queijo Curado e Amanteigado,queijo-curado-e-amanteigado,/shelves/charcutaria-e-queijos/queijo/queijo-curado-e-amanteigado/11553,,,35,40
3,False,11554,11554,Snacks,snacks,/shelves/charcutaria-e-queijos/queijo/snacks/11554,,,36,16
3,False,11555,11555,Queijo Fresco e Mozzarella,queijo-fresco-e-mozzarella,/shelves/charcutaria-e-queijos/queijo/queijo-fresco-e-mozzarella/11555,,,37,29
3,False,11560,11560,Enchidos,enchidos,/shelves/charcutaria-e-queijos/charcutaria/enchidos/11560,,,38,39
3,False,11558,11558,Fiambre Aves,fiambre-aves,/shelves/charcutaria-e-queijos/charcutaria/fiambre-aves/11558,,,39,24
3,False,11559,11559,Fiambre Porco,fiambre-porco,/shelves/charcutaria-e-queijos/charcutaria/fiambre-porco/11559,,,40,14
3,False,11556,11556,Presunto e Bacon,presunto-e-bacon,/shelves/charcutaria-e-queijos/charcutaria/presunto-e-bacon/11556,,,41,29
3,False,11557,11557,"Mortadela, Paio e Chourição",mortadela-paio-e-chouricao,/shelves/charcutaria-e-queijos/charcutaria/mortadela-paio-e-chouricao/11557,,,42,16
3,False,11561,11561,Salsichas,salsichas,/shelves/charcutaria-e-queijos/charcutaria/salsichas/11561,,,43,7
3,False,11562,11562,Especialidades,especialidades,/shelves/charcutaria-e-queijos/charcutaria/especialidades/11562,,,44,6
3,False,11566,11566,Pão de Forno,pao-de-forno,/shelves/padaria-e-pastelaria/padaria/pao-de-forno/11566,,,45,34
3,False,11567,11567,Pão de Forma e embalados,pao-de-forma-e-embalados,/shelves/padaria-e-pastelaria/padaria/pao-de-forma-e-embalados/11567,,,46,40
3,False,11568,11568,"Tostas, Croutons e Gressinos",tostas-croutons-e-gressinos,/shelves/padaria-e-pastelaria/padaria/tostas-croutons-e-gressinos/11568,,,47,33
3,False,11569,11569,Pão Ralado,pao-ralado,/shelves/padaria-e-pastelaria/padaria/pao-ralado/11569,,,48,3
3,False,11570,11570,Pastelaria Doce,pastelaria-doce,/shelves/padaria-e-pastelaria/pastelaria/pastelaria-doce/11570,,,49,30
3,False,11571,11571,Pastelaria Salgada,pastelaria-salgada,/shelves/padaria-e-pastelaria/pastelaria/pastelaria-salgada/11571,,,50,12
3,False,11691,11691,Leite Meio Gordo,leite-meio-gordo,/shelves/laticinios-e-ovos/leite/leite-meio-gordo/11691,,,51,17
3,False,11692,11692,Leite Gordo,leite-gordo,/shelves/laticinios-e-ovos/leite/leite-gordo/11692,,,52,4
3,False,11693,11693,Leite Magro,leite-magro,/shelves/laticinios-e-ovos/leite/leite-magro/11693,,,53,16
3,False,11694,11694,Leite Proteico,leite-proteico,/shelves/laticinios-e-ovos/leite/leite-proteico/11694,,,54,4
3,False,11695,11695,Achocolatados e Aromatizados,achocolatados-e-aromatizados,/shelves/laticinios-e-ovos/leite/achocolatados-e-aromatizados/11695,,,55,29
3,False,11696,11696,Leites Infantis e Bebidas Lácteas,leites-infantis-e-bebidas-lacteas,/shelves/laticinios-e-ovos/leite/leites-infantis-e-bebidas-lacteas/11696,,,56,7
3,False,11697,11697,Sem Lactose,sem-lactose,/shelves/laticinios-e-ovos/leite/sem-lactose/11697,,,57,1
3,False,11753,11753,Bebidas Vegetais,bebidas-vegetais,/shelves/laticinios-e-ovos/leite/bebidas-vegetais/11753,,,58,40
3,False,11698,11698,Ovos,ovos,/shelves/laticinios-e-ovos/ovos/ovos/11698,,,59,7
3,False,11706,11706,Manteigas,manteigas,/shelves/laticinios-e-ovos/manteiga-e-cremes/manteigas/11706,,,60,28
3,False,11707,11707,Cremes Vegetais e para Barrar,cremes-vegetais-e-para-barrar,/shelves/laticinios-e-ovos/manteiga-e-cremes/cremes-vegetais-e-para-barrar/11707,,,61,21
3,False,11703,11703,Natas Culinária e Bechamel,natas-culinaria-e-bechamel,/shelves/laticinios-e-ovos/culinaria/natas-culinaria-e-bechamel/11703,,,62,18
3,False,11704,11704,Margarinas,margarinas,/shelves/laticinios-e-ovos/culinaria/margarinas/11704,,,63,3
3,False,11705,11705,Natas para Bater e Chantilly,natas-para-bater-e-chantilly,/shelves/laticinios-e-ovos/culinaria/natas-para-bater-e-chantilly/11705,,,64,17
3,False,10400,10400,Iogurtes Líquidos,iogurtes-liquidos,/shelves/iogurtes-e-sobremesas/iogurtes/iogurtes-liquidos/10400,,,65,40
3,False,10395,10395,Iogurtes Aromas e Naturais,iogurtes-aromas-e-naturais,/shelves/iogurtes-e-sobremesas/iogurtes/iogurtes-aromas-e-naturais/10395,,,66,25
3,False,10396,10396,Iogurtes Pedaços,iogurtes-pedacos,/shelves/iogurtes-e-sobremesas/iogurtes/iogurtes-pedacos/10396,,,67,14
3,False,10397,10397,Iogurtes Magros,iogurtes-magros,/shelves/iogurtes-e-sobremesas/iogurtes/iogurtes-magros/10397,,,68,12
3,False,10398,10398,Iogurtes Bifidus,iogurtes-bifidus,/shelves/iogurtes-e-sobremesas/iogurtes/iogurtes-bifidus/10398,,,69,10
3,False,11178,11178,Iogurtes Infantis,iogurtes-infantis,/shelves/iogurtes-e-sobremesas/iogurtes/iogurtes-infantis/11178,,,70,21
3,False,11176,11176,Iogurtes Gregos e Kefir,iogurtes-gregos-e-kefir,/shelves/iogurtes-e-sobremesas/iogurtes/iogurtes-gregos-e-kefir/11176,,,71,32
3,False,11177,11177,Iogurtes Proteicos,iogurtes-proteicos,/shelves/iogurtes-e-sobremesas/iogurtes/iogurtes-proteicos/11177,,,72,35
3,False,11175,11175,Iogurtes sem Lactose,iogurtes-sem-lactose,/shelves/iogurtes-e-sobremesas/iogurtes/iogurtes-sem-lactose/11175,,,73,7
3,False,11818,11818,Vegegurtes e Yofu,vegegurtes-e-yofu,/shelves/iogurtes-e-sobremesas/iogurtes/vegegurtes-e-yofu/11818,,,74,19
3,False,10719,10719,Mousses e Pudins,mousses-e-pudins,/shelves/iogurtes-e-sobremesas/sobremesas/mousses-e-pudins/10719,,,75,25
3,False,10800,10800,Gelatinas,gelatinas,/shelves/iogurtes-e-sobremesas/sobremesas/gelatinas/10800,,,76,23
3,False,11799,11799,Fruta,fruta,/shelves/iogurtes-e-sobremesas/sobremesas/fruta/11799,,,77,1
3,False,11715,11715,Arroz,arroz,/shelves/mercearia/arroz-massa-e-farinha/arroz/11715,,,78,35
3,False,11716,11716,Massa,massa,/shelves/mercearia/arroz-massa-e-farinha/massa/11716,,,79,40
3,False,11717,11717,Farinha,farinha,/shelves/mercearia/arroz-massa-e-farinha/farinha/11717,,,80,40
3,False,11718,11718,Azeite,azeite,/shelves/mercearia/azeite-oleo-e-vinagre/azeite/11718,,,81,26
3,False,11719,11719,Óleo Alimentar,oleo-alimentar,/shelves/mercearia/azeite-oleo-e-vinagre/oleo-alimentar/11719,,,82,9
3,False,11720,11720,Vinagre,vinagre,/shelves/mercearia/azeite-oleo-e-vinagre/vinagre/11720,,,83,29
3,False,11721,11721,Molhos,molhos,/shelves/mercearia/molhos-temperos-e-sal/molhos/11721,,,84,40
3,False,11757,11757,Temperos,temperos,/shelves/mercearia/molhos-temperos-e-sal/temperos/11757,,,85,39
3,False,11722,11722,"Maionese, Ketchup e Mostarda",maionese-ketchup-e-mostarda,/shelves/mercearia/molhos-temperos-e-sal/maionese-ketchup-e-mostarda/11722,,,86,36
3,False,11723,11723,Especiarias e Ervas Aromáticas,especiarias-e-ervas-aromaticas,/shelves/mercearia/molhos-temperos-e-sal/especiarias-e-ervas-aromaticas/11723,,,87,40
3,False,11724,11724,Caldos,caldos,/shelves/mercearia/molhos-temperos-e-sal/caldos/11724,,,88,32
3,False,11725,11725,Sal,sal,/shelves/mercearia/molhos-temperos-e-sal/sal/11725,,,89,17
3,False,10242,10242,Feijão,feijao,/shelves/mercearia/vegetais-secos-e-sementes/feijao/10242,,,90,9
3,False,10243,10243,Grão,grao,/shelves/mercearia/vegetais-secos-e-sementes/grao/10243,,,91,1
3,False,11021,11021,Lentilhas,lentilhas,/shelves/mercearia/vegetais-secos-e-sementes/lentilhas/11021,,,92,1
3,False,11817,11817,Sementes,sementes,/shelves/mercearia/vegetais-secos-e-sementes/sementes/11817,,,93,8
3,False,10273,10273,Café em Cápsulas,cafe-em-capsulas,/shelves/mercearia/cafe-cha-e-achocolatados/cafe-em-capsulas/10273,,,94,40
3,False,11058,11058,Café Torrado,cafe-torrado,/shelves/mercearia/cafe-cha-e-achocolatados/cafe-torrado/11058,,,95,32
3,False,10271,10271,Café Solúvel,cafe-soluvel,/shelves/mercearia/cafe-cha-e-achocolatados/cafe-soluvel/10271,,,96,24
3,False,11057,11057,Bebidas de Cereais,bebidas-de-cereais,/shelves/mercearia/cafe-cha-e-achocolatados/bebidas-de-cereais/11057,,,97,17
3,False,11736,11736,Chás e Infusões,chas-e-infusoes,/shelves/mercearia/cafe-cha-e-achocolatados/chas-e-infusoes/11736,,,98,40
3,False,11745,11745,Chocolate em Pó,chocolate-em-po,/shelves/mercearia/cafe-cha-e-achocolatados/chocolate-em-po/11745,,,99,8
3,False,10292,10292,Açúcar e Adoçantes,acucar-e-adocantes,/shelves/mercearia/acucar-e-sobremesas/acucar-e-adocantes/10292,,,100,40
3,False,11737,11737,Chocolate e Cacau de Culinária,chocolate-e-cacau-de-culinaria,/shelves/mercearia/acucar-e-sobremesas/chocolate-e-cacau-de-culinaria/11737,,,101,16
3,False,11738,11738,Farinha e Fermento,farinha-e-fermento,/shelves/mercearia/acucar-e-sobremesas/farinha-e-fermento/11738,,,102,14
3,False,11739,11739,"Aromas, Toppings e Corantes",aromas-toppings-e-corantes,/shelves/mercearia/acucar-e-sobremesas/aromas-toppings-e-corantes/11739,,,103,7
3,False,11740,11740,Gelatinas,gelatinas,/shelves/mercearia/acucar-e-sobremesas/gelatinas/11740,,,104,34
3,False,11741,11741,Bolos e Sobremesas,bolos-e-sobremesas,/shelves/mercearia/acucar-e-sobremesas/bolos-e-sobremesas/11741,,,105,35
3,False,11742,11742,Coberturas e Decoração,coberturas-e-decoracao,/shelves/mercearia/acucar-e-sobremesas/coberturas-e-decoracao/11742,,,106,30
3,False,11743,11743,Leite Condensado,leite-condensado,/shelves/mercearia/acucar-e-sobremesas/leite-condensado/11743,,,107,14
3,False,11744,11744,Fruta em Calda,fruta-em-calda,/shelves/mercearia/acucar-e-sobremesas/fruta-em-calda/11744,,,108,15
3,False,10260,10260,Cereais Infantis e Juvenis,cereais-infantis-e-juvenis,/shelves/mercearia/cereais-e-barras/cereais-infantis-e-juvenis/10260,,,109,28
3,False,11050,11050,Cereais Linha e Fibra,cereais-linha-e-fibra,/shelves/mercearia/cereais-e-barras/cereais-linha-e-fibra/11050,,,110,38
3,False,11052,11052,Muesli e Granola,muesli-e-granola,/shelves/mercearia/cereais-e-barras/muesli-e-granola/11052,,,111,9
3,False,11053,11053,Flocos e Papas,flocos-e-papas,/shelves/mercearia/cereais-e-barras/flocos-e-papas/11053,,,112,18
3,False,11054,11054,Barras de Cereais,barras-de-cereais,/shelves/mercearia/cereais-e-barras/barras-de-cereais/11054,,,113,37
3,False,11072,11072,Doces e Compotas,doces-e-compotas,/shelves/mercearia/cremes-de-barrar-doces-e-mel/doces-e-compotas/11072,,,114,40
3,False,10318,10318,Marmelada e Goiabada,marmelada-e-goiabada,/shelves/mercearia/cremes-de-barrar-doces-e-mel/marmelada-e-goiabada/10318,,,115,12
3,False,10317,10317,Cremes de Barrar,cremes-de-barrar,/shelves/mercearia/cremes-de-barrar-doces-e-mel/cremes-de-barrar/10317,,,116,19
3,False,10319,10319,Mel,mel,/shelves/mercearia/cremes-de-barrar-doces-e-mel/mel/10319,,,117,10
3,False,11082,11082,Bolachas de Chocolate,bolachas-de-chocolate,/shelves/mercearia/bolachas-biscoitos-e-bolos/bolachas-de-chocolate/11082,,,118,40
3,False,10796,10796,Bolachas com Cobertura e Recheio,bolachas-com-cobertura-e-recheio,/shelves/mercearia/bolachas-biscoitos-e-bolos/bolachas-com-cobertura-e-recheio/10796,,,119,40
3,False,10251,10251,Bolachas Infantis,bolachas-infantis,/shelves/mercearia/bolachas-biscoitos-e-bolos/bolachas-infantis/10251,,,120,20
3,False,11747,11747,"Bolachas de Manteiga, Shortcake e Palmiers",bolachas-de-manteiga-shortcake-e-palmiers,/shelves/mercearia/bolachas-biscoitos-e-bolos/bolachas-de-manteiga-shortcake-e-palmiers/11747,,,121,40
3,False,10253,10253,Bolachas Maria e Torrada,bolachas-maria-e-torrada,/shelves/mercearia/bolachas-biscoitos-e-bolos/bolachas-maria-e-torrada/10253,,,122,18
3,False,10250,10250,Bolachas Cracker e Água e Sal,bolachas-cracker-e-agua-e-sal,/shelves/mercearia/bolachas-biscoitos-e-bolos/bolachas-cracker-e-agua-e-sal/10250,,,123,28
3,False,10252,10252,Bolachas Fibra e sem Açúcar,bolachas-fibra-e-sem-acucar,/shelves/mercearia/bolachas-biscoitos-e-bolos/bolachas-fibra-e-sem-acucar/10252,,,124,40
3,False,10259,10259,"Bolos, Napolitanas e Pães de Leite",bolos-napolitanas-e-paes-de-leite,/shelves/mercearia/bolachas-biscoitos-e-bolos/bolos-napolitanas-e-paes-de-leite/10259,,,125,40
3,False,11750,11750,Bolachas Sortidas,bolachas-sortidas,/shelves/mercearia/bolachas-biscoitos-e-bolos/bolachas-sortidas/11750,,,126,7
3,False,11816,11816,Tortitas Arroz e Milho,tortitas-arroz-e-milho,/shelves/mercearia/bolachas-biscoitos-e-bolos/tortitas-arroz-e-milho/11816,,,127,15
3,False,10306,10306,Chocolates de Leite,chocolates-de-leite,/shelves/mercearia/chocolate-gomas-e-rebucados/chocolates-de-leite/10306,,,128,40
3,False,10746,10746,Chocolates Negros,chocolates-negros,/shelves/mercearia/chocolate-gomas-e-rebucados/chocolates-negros/10746,,,129,20
3,False,10747,10747,Chocolates Brancos,chocolates-brancos,/shelves/mercearia/chocolate-gomas-e-rebucados/chocolates-brancos/10747,,,130,11
3,False,10751,10751,Chocolate com Avelã e Amêndoa,chocolate-com-avela-e-amendoa,/shelves/mercearia/chocolate-gomas-e-rebucados/chocolate-com-avela-e-amendoa/10751,,,131,23
3,False,10304,10304,Bombons,bombons,/shelves/mercearia/chocolate-gomas-e-rebucados/bombons/10304,,,132,5
3,False,10308,10308,Chocolates Mini e Drageias,chocolates-mini-e-drageias,/shelves/mercearia/chocolate-gomas-e-rebucados/chocolates-mini-e-drageias/10308,,,133,18
3,False,10307,10307,Chocolate com Recheios de Fruta,chocolate-com-recheios-de-fruta,/shelves/mercearia/chocolate-gomas-e-rebucados/chocolate-com-recheios-de-fruta/10307,,,134,6
3,False,10305,10305,Chocolate Infantil,chocolate-infantil,/shelves/mercearia/chocolate-gomas-e-rebucados/chocolate-infantil/10305,,,135,14
3,False,11748,11748,Gomas e Rebuçados,gomas-e-rebucados,/shelves/mercearia/chocolate-gomas-e-rebucados/gomas-e-rebucados/11748,,,136,40
3,False,11749,11749,Pastilhas Elásticas,pastilhas-elasticas,/shelves/mercearia/chocolate-gomas-e-rebucados/pastilhas-elasticas/11749,,,137,40
3,False,11727,11727,Azeitonas e Tremoços,azeitonas-e-tremocos,/shelves/mercearia/conservas/azeitonas-e-tremocos/11727,,,138,18
3,False,11728,11728,"Cogumelos, Milho e Ervilhas",cogumelos-milho-e-ervilhas,/shelves/mercearia/conservas/cogumelos-milho-e-ervilhas/11728,,,139,21
3,False,11729,11729,Feijão e Grão,feijao-e-grao,/shelves/mercearia/conservas/feijao-e-grao/11729,,,140,39
3,False,11730,11730,Peixe,peixe,/shelves/mercearia/conservas/peixe/11730,,,141,40
3,False,11731,11731,Salsichas,salsichas,/shelves/mercearia/conservas/salsichas/11731,,,142,33
3,False,11732,11732,Patê,pate,/shelves/mercearia/conservas/pate/11732,,,143,20
3,False,11733,11733,Pickles e Outros Vegetais,pickles-e-outros-vegetais,/shelves/mercearia/conservas/pickles-e-outros-vegetais/11733,,,144,22
3,False,10245,10245,Refeições prontas,refeicoes-prontas,/shelves/mercearia/sopas-e-refeicoes/refeicoes-prontas/10245,,,145,15
3,False,10246,10246,Sopas e Cremes,sopas-e-cremes,/shelves/mercearia/sopas-e-refeicoes/sopas-e-cremes/10246,,,146,14
3,False,11746,11746,"Noodles, Pastas e Especialidades",noodles-pastas-e-especialidades,/shelves/mercearia/sopas-e-refeicoes/noodles-pastas-e-especialidades/11746,,,147,13
3,False,10221,10221,Batatas Lisas e Onduladas,batatas-lisas-e-onduladas,/shelves/mercearia/batatas-fritas-e-snacks/batatas-lisas-e-onduladas/10221,,,148,16
3,False,10219,10219,Batatas com Sabores,batatas-com-sabores,/shelves/mercearia/batatas-fritas-e-snacks/batatas-com-sabores/10219,,,149,21
3,False,10218,10218,Batatas Palha e Caseiras,batatas-palha-e-caseiras,/shelves/mercearia/batatas-fritas-e-snacks/batatas-palha-e-caseiras/10218,,,150,8
3,False,10222,10222,Snacks e Aperitivos,snacks-e-aperitivos,/shelves/mercearia/batatas-fritas-e-snacks/snacks-e-aperitivos/10222,,,151,38
3,False,10223,10223,Desidratados e Frutos Secos,desidratados-e-frutos-secos,/shelves/mercearia/batatas-fritas-e-snacks/desidratados-e-frutos-secos/10223,,,152,7
3,False,11726,11726,Pipocas,pipocas,/shelves/mercearia/batatas-fritas-e-snacks/pipocas/11726,,,153,3
3,False,11589,11589,"Douradinhos, Filetes e Crocantes",douradinhos-filetes-e-crocantes,/shelves/congelados/refeicoes/douradinhos-filetes-e-crocantes/11589,,,154,37
3,False,11587,11587,Hamburguers e Almôndegas,hamburguers-e-almondegas,/shelves/congelados/refeicoes/hamburguers-e-almondegas/11587,,,155,17
3,False,11588,11588,Entradas e Salgados,entradas-e-salgados,/shelves/congelados/refeicoes/entradas-e-salgados/11588,,,156,26
3,False,11584,11584,Pizzas,pizzas,/shelves/congelados/refeicoes/pizzas/11584,,,157,16
3,False,11585,11585,Lasanhas e Massas Italianas,lasanhas-e-massas-italianas,/shelves/congelados/refeicoes/lasanhas-e-massas-italianas/11585,,,158,5
3,False,11586,11586,Refeições,refeicoes,/shelves/congelados/refeicoes/refeicoes/11586,,,159,12
3,False,11576,11576,Peixe,peixe,/shelves/congelados/peixe-e-marisco/peixe/11576,,,160,40
3,False,11578,11578,Bacalhau,bacalhau,/shelves/congelados/peixe-e-marisco/bacalhau/11578,,,161,14
3,False,11577,11577,Marisco,marisco,/shelves/congelados/peixe-e-marisco/marisco/11577,,,162,28
3,False,11579,11579,Fruta,fruta,/shelves/congelados/fruta-e-legumes/fruta/11579,,,163,7
3,False,11580,11580,Legumes,legumes,/shelves/congelados/fruta-e-legumes/legumes/11580,,,164,40
3,False,11581,11581,Batatas Pré-Fritas,batatas-pre-fritas,/shelves/congelados/fruta-e-legumes/batatas-pre-fritas/11581,,,165,12
3,False,11582,11582,Gelados,gelados,/shelves/congelados/gelados-e-sobremesas/gelados/11582,,,166,40
3,False,11583,11583,Sobremesas,sobremesas,/shelves/congelados/gelados-e-sobremesas/sobremesas/11583,,,167,15
3,False,11482,11482,Gelo Picado e Cubos,gelo-picado-e-cubos,/shelves/congelados/gelo/gelo-picado-e-cubos/11482,,,168,2
3,False,11644,11644,Pizzas e Lasanhas,pizzas-e-lasanhas,/shelves/refeicoes/refrigeradas/pizzas-e-lasanhas/11644,,,169,21
3,False,11645,11645,Outras Refeições,outras-refeicoes,/shelves/refeicoes/refrigeradas/outras-refeicoes/11645,,,170,8
3,False,11646,11646,Sopas e Cremes,sopas-e-cremes,/shelves/refeicoes/refrigeradas/sopas-e-cremes/11646,,,171,11
3,False,11647,11647,"Saladas, Sandes e Wraps",saladas-sandes-e-wraps,/shelves/refeicoes/refrigeradas/saladas-sandes-e-wraps/11647,,,172,12
3,False,11648,11648,Massas,massas,/shelves/refeicoes/refrigeradas/massas/11648,,,173,15
3,False,11672,11672,Água com Gás,agua-com-gas,/shelves/bebidas/agua/agua-com-gas/11672,,,174,29
3,False,11673,11673,Água sem Gás,agua-sem-gas,/shelves/bebidas/agua/agua-sem-gas/11673,,,175,31
3,False,11674,11674,Água com Sabores,agua-com-sabores,/shelves/bebidas/agua/agua-com-sabores/11674,,,176,4
3,False,11675,11675,Água Tónica e Ginger Ale,agua-tonica-e-ginger-ale,/shelves/bebidas/agua/agua-tonica-e-ginger-ale/11675,,,177,13
3,False,11112,11112,Cerveja Branca,cerveja-branca,/shelves/bebidas/cervejas-e-sidras/cerveja-branca/11112,,,178,40
3,False,11113,11113,Cerveja Preta,cerveja-preta,/shelves/bebidas/cervejas-e-sidras/cerveja-preta/11113,,,179,13
3,False,10341,10341,Cerveja sem Álcool,cerveja-sem-alcool,/shelves/bebidas/cervejas-e-sidras/cerveja-sem-alcool/10341,,,180,10
3,False,10342,10342,Sidras e Panachés,sidras-e-panaches,/shelves/bebidas/cervejas-e-sidras/sidras-e-panaches/10342,,,181,14
3,False,11116,11116,Cervejas Estrangeiras e Artesanais,cervejas-estrangeiras-e-artesanais,/shelves/bebidas/cervejas-e-sidras/cervejas-estrangeiras-e-artesanais/11116,,,182,3
3,False,10011,10011,Refrigerantes com Gás,refrigerantes-com-gas,/shelves/bebidas/refrigerantes-e-sumos/refrigerantes-com-gas/10011,,,183,40
3,False,10325,10325,Refrigerantes sem Gás,refrigerantes-sem-gas,/shelves/bebidas/refrigerantes-e-sumos/refrigerantes-sem-gas/10325,,,184,40
3,False,11109,11109,Ice Tea e Tisanas,ice-tea-e-tisanas,/shelves/bebidas/refrigerantes-e-sumos/ice-tea-e-tisanas/11109,,,185,40
3,False,11754,11754,Néctares de Fruta,nectares-de-fruta,/shelves/bebidas/refrigerantes-e-sumos/nectares-de-fruta/11754,,,186,40
3,False,11755,11755,Sumos 100%,sumos-100%25,/shelves/bebidas/refrigerantes-e-sumos/sumos-100%25/11755,,,187,37
3,False,11756,11756,Concentrados e em Pó,concentrados-e-em-po,/shelves/bebidas/refrigerantes-e-sumos/concentrados-e-em-po/11756,,,188,20
3,False,11111,11111,Bebidas Energéticas e Isotónicas,bebidas-energeticas-e-isotonicas,/shelves/bebidas/refrigerantes-e-sumos/bebidas-energeticas-e-isotonicas/11111,,,189,31
3,False,11798,11798,Água Tónica e Ginger Ale,agua-tonica-e-ginger-ale,/shelves/bebidas/refrigerantes-e-sumos/agua-tonica-e-ginger-ale/11798,,,190,13
3,False,11476,11476,Tintos do Douro,tintos-do-douro,/shelves/garrafeira/vinhos-tintos/tintos-do-douro/11476,,,191,36
3,False,11477,11477,Tintos do Dão,tintos-do-dao,/shelves/garrafeira/vinhos-tintos/tintos-do-dao/11477,,,192,13
3,False,11714,11714,Tintos das Beiras,tintos-das-beiras,/shelves/garrafeira/vinhos-tintos/tintos-das-beiras/11714,,,193,1
3,False,11620,11620,Tintos da Bairrada,tintos-da-bairrada,/shelves/garrafeira/vinhos-tintos/tintos-da-bairrada/11620,,,194,2
3,False,11621,11621,Tintos de Lisboa e Tejo,tintos-de-lisboa-e-tejo,/shelves/garrafeira/vinhos-tintos/tintos-de-lisboa-e-tejo/11621,,,195,24
3,False,11622,11622,Tintos de Setúbal,tintos-de-setubal,/shelves/garrafeira/vinhos-tintos/tintos-de-setubal/11622,,,196,22
3,False,11623,11623,Tintos do Alentejo,tintos-do-alentejo,/shelves/garrafeira/vinhos-tintos/tintos-do-alentejo/11623,,,197,40
3,False,11625,11625,Tintos Biológicos,tintos-biologicos,/shelves/garrafeira/vinhos-tintos/tintos-biologicos/11625,,,198,1
3,False,11626,11626,Tintos Estrangeiros,tintos-estrangeiros,/shelves/garrafeira/vinhos-tintos/tintos-estrangeiros/11626,,,199,2
3,False,11478,11478,Brancos do Douro,brancos-do-douro,/shelves/garrafeira/vinhos-brancos/brancos-do-douro/11478,,,200,15
3,False,11479,11479,Brancos do Dão,brancos-do-dao,/shelves/garrafeira/vinhos-brancos/brancos-do-dao/11479,,,201,7
3,False,11480,11480,Brancos das Beiras,brancos-das-beiras,/shelves/garrafeira/vinhos-brancos/brancos-das-beiras/11480,,,202,1
3,False,11627,11627,Brancos da Bairrada,brancos-da-bairrada,/shelves/garrafeira/vinhos-brancos/brancos-da-bairrada/11627,,,203,1
3,False,11628,11628,Brancos de Lisboa e Tejo,brancos-de-lisboa-e-tejo,/shelves/garrafeira/vinhos-brancos/brancos-de-lisboa-e-tejo/11628,,,204,16
3,False,11629,11629,Brancos de Setúbal,brancos-de-setubal,/shelves/garrafeira/vinhos-brancos/brancos-de-setubal/11629,,,205,17
3,False,11630,11630,Brancos do Alentejo,brancos-do-alentejo,/shelves/garrafeira/vinhos-brancos/brancos-do-alentejo/11630,,,206,40
3,False,11633,11633,Brancos Estrangeiros,brancos-estrangeiros,/shelves/garrafeira/vinhos-brancos/brancos-estrangeiros/11633,,,207,1
3,False,11634,11634,Rosé Douro e Dão,rose-douro-e-dao,/shelves/garrafeira/vinhos-rose/rose-douro-e-dao/11634,,,208,2
3,False,11635,11635,"Rosé Tejo, Lisboa e Setúbal",rose-tejo-lisboa-e-setubal,/shelves/garrafeira/vinhos-rose/rose-tejo-lisboa-e-setubal/11635,,,209,8
3,False,11636,11636,Rosé Alentejo e Algarve,rose-alentejo-e-algarve,/shelves/garrafeira/vinhos-rose/rose-alentejo-e-algarve/11636,,,210,4
3,False,11651,11651,Verde Tinto,verde-tinto,/shelves/garrafeira/vinhos-verdes/verde-tinto/11651,,,211,1
3,False,11652,11652,Verde Branco,verde-branco,/shelves/garrafeira/vinhos-verdes/verde-branco/11652,,,212,24
3,False,11653,11653,Verde Rosé,verde-rose,/shelves/garrafeira/vinhos-verdes/verde-rose/11653,,,213,4
3,False,11655,11655,Corrente Tinto,corrente-tinto,/shelves/garrafeira/vinhos-correntes-e-sangrias/corrente-tinto/11655,,,214,7
3,False,11656,11656,Corrente Branco,corrente-branco,/shelves/garrafeira/vinhos-correntes-e-sangrias/corrente-branco/11656,,,215,10
3,False,11658,11658,Frisante,frisante,/shelves/garrafeira/vinhos-correntes-e-sangrias/frisante/11658,,,216,17
3,False,11659,11659,Sangria,sangria,/shelves/garrafeira/vinhos-correntes-e-sangrias/sangria/11659,,,217,12
3,False,11660,11660,Moscatel,moscatel,/shelves/garrafeira/licorosos-e-aperitivos/moscatel/11660,,,218,14
3,False,11661,11661,Vinho do Porto,vinho-do-porto,/shelves/garrafeira/licorosos-e-aperitivos/vinho-do-porto/11661,,,219,27
3,False,11663,11663,Licores,licores,/shelves/garrafeira/licorosos-e-aperitivos/licores/11663,,,220,22
3,False,11664,11664,Aperitivos,aperitivos,/shelves/garrafeira/licorosos-e-aperitivos/aperitivos/11664,,,221,7
3,False,11665,11665,Vodka,vodka,/shelves/garrafeira/bebidas-espirituosas/vodka/11665,,,222,11
3,False,11666,11666,Whisky,whisky,/shelves/garrafeira/bebidas-espirituosas/whisky/11666,,,223,34
3,False,11667,11667,"Cocktails, Cachaça, Tequila e Rum",cocktails-cachaca-tequila-e-rum,/shelves/garrafeira/bebidas-espirituosas/cocktails-cachaca-tequila-e-rum/11667,,,224,20
3,False,11668,11668,Gin,gin,/shelves/garrafeira/bebidas-espirituosas/gin/11668,,,225,23
3,False,11669,11669,Aguardente e Brandy,aguardente-e-brandy,/shelves/garrafeira/bebidas-espirituosas/aguardente-e-brandy/11669,,,226,16
3,False,11670,11670,Champanhes,champanhes,/shelves/garrafeira/champanhe-e-espumantes/champanhes/11670,,,227,4
3,False,11671,11671,Espumantes,espumantes,/shelves/garrafeira/champanhe-e-espumantes/espumantes/11671,,,228,40
3,False,11404,11404,Detergente Máquina Loiça,detergente-maquina-loica,/shelves/limpeza/limpeza-da-cozinha/detergente-maquina-loica/11404,,,229,40
3,False,11405,11405,Detergente Líquido Loiça,detergente-liquido-loica,/shelves/limpeza/limpeza-da-cozinha/detergente-liquido-loica/11405,,,230,37
3,False,11407,11407,Limpeza Fogão e Forno,limpeza-fogao-e-forno,/shelves/limpeza/limpeza-da-cozinha/limpeza-fogao-e-forno/11407,,,231,10
3,False,11408,11408,Multisuperfícies,multisuperficies,/shelves/limpeza/limpeza-da-cozinha/multisuperficies/11408,,,232,8
3,False,10602,10602,Abrasivos ,abrasivos,/shelves/limpeza/limpeza-casa-de-banho/abrasivos/10602,,,233,10
3,False,10603,10603,Blocos e Líquidos Sanitários,blocos-e-liquidos-sanitarios,/shelves/limpeza/limpeza-casa-de-banho/blocos-e-liquidos-sanitarios/10603,,,234,40
3,False,10604,10604,Anticalcários e Desinfetantes,anticalcarios-e-desinfetantes,/shelves/limpeza/limpeza-casa-de-banho/anticalcarios-e-desinfetantes/10604,,,235,16
3,False,10739,10739,Detergente Lava-Tudo,detergente-lava-tudo,/shelves/limpeza/limpeza-geral/detergente-lava-tudo/10739,,,236,36
3,False,11410,11410,Detergente Limpa-Vidros,detergente-limpa-vidros,/shelves/limpeza/limpeza-geral/detergente-limpa-vidros/11410,,,237,8
3,False,11411,11411,Lixívia,lixivia,/shelves/limpeza/limpeza-geral/lixivia/11411,,,238,2
3,False,11412,11412,Multisuperfícies,multisuperficies,/shelves/limpeza/limpeza-geral/multisuperficies/11412,,,239,12
3,False,11413,11413,Desentupidores,desentupidores,/shelves/limpeza/limpeza-geral/desentupidores/11413,,,240,5
3,False,11414,11414,Limpeza e Cuidados de Madeiras,limpeza-e-cuidados-de-madeiras,/shelves/limpeza/limpeza-geral/limpeza-e-cuidados-de-madeiras/11414,,,241,27
3,False,11415,11415,Específicos de Limpeza,especificos-de-limpeza,/shelves/limpeza/limpeza-geral/especificos-de-limpeza/11415,,,242,26
3,False,11793,11793,"Panos, Esfregões e Luvas",panos-esfregoes-e-luvas,/shelves/limpeza/limpeza-geral/panos-esfregoes-e-luvas/11793,,,243,40
3,False,11794,11794,Esfregonas e Mopas,esfregonas-e-mopas,/shelves/limpeza/limpeza-geral/esfregonas-e-mopas/11794,,,244,22
3,False,11795,11795,"Vassouras, escovas e Pás",vassouras-escovas-e-pas,/shelves/limpeza/limpeza-geral/vassouras-escovas-e-pas/11795,,,245,12
3,False,11796,11796,Baldes e Alguidares,baldes-e-alguidares,/shelves/limpeza/limpeza-geral/baldes-e-alguidares/11796,,,246,9
3,False,11797,11797,Sacos do Lixo,sacos-do-lixo,/shelves/limpeza/limpeza-geral/sacos-do-lixo/11797,,,247,19
3,False,10563,10563,Ambientadores Elétricos e Automáticos,ambientadores-eletricos-e-automaticos,/shelves/limpeza/ambientadores/ambientadores-eletricos-e-automaticos/10563,,,248,40
3,False,10564,10564,Ambientadores Automóvel,ambientadores-automovel,/shelves/limpeza/ambientadores/ambientadores-automovel/10564,,,249,16
3,False,10566,10566,Velas Ambientadoras,velas-ambientadoras,/shelves/limpeza/ambientadores/velas-ambientadoras/10566,,,250,14
3,False,10567,10567,Absorve Odores,absorve-odores,/shelves/limpeza/ambientadores/absorve-odores/10567,,,251,4
3,False,11792,11792,Sprays e Sticks Perfumadores,sprays-e-sticks-perfumadores,/shelves/limpeza/ambientadores/sprays-e-sticks-perfumadores/11792,,,252,9
3,False,10569,10569,Inseticidas Elétricos e Automáticos,inseticidas-eletricos-e-automaticos,/shelves/limpeza/inseticidas/inseticidas-eletricos-e-automaticos/10569,,,253,12
3,False,10570,10570,Inseticidas em Spray e Fitas,inseticidas-em-spray-e-fitas,/shelves/limpeza/inseticidas/inseticidas-em-spray-e-fitas/10570,,,254,14
3,False,10571,10571,Anti-Traças,anti-tracas,/shelves/limpeza/inseticidas/anti-tracas/10571,,,255,4
3,False,11783,11783,Lavagem e Limpeza Manual,lavagem-e-limpeza-manual,/shelves/limpeza/limpeza-roupa-e-calcado/lavagem-e-limpeza-manual/11783,,,256,9
3,False,11784,11784,Detergente em Pó,detergente-em-po,/shelves/limpeza/limpeza-roupa-e-calcado/detergente-em-po/11784,,,257,12
3,False,11785,11785,Detergente Líquido,detergente-liquido,/shelves/limpeza/limpeza-roupa-e-calcado/detergente-liquido/11785,,,258,40
3,False,11786,11786,Detergente em Cápsulas e Pastilhas,detergente-em-capsulas-e-pastilhas,/shelves/limpeza/limpeza-roupa-e-calcado/detergente-em-capsulas-e-pastilhas/11786,,,259,22
3,False,11787,11787,Amaciador,amaciador,/shelves/limpeza/limpeza-roupa-e-calcado/amaciador/11787,,,260,40
3,False,11788,11788,Aditivos e Outros Cuidados,aditivos-e-outros-cuidados,/shelves/limpeza/limpeza-roupa-e-calcado/aditivos-e-outros-cuidados/11788,,,261,40
3,False,11789,11789,Lixívia,lixivia,/shelves/limpeza/limpeza-roupa-e-calcado/lixivia/11789,,,262,20
3,False,11790,11790,Limpeza e Cuidados do Calçado,limpeza-e-cuidados-do-calcado,/shelves/limpeza/limpeza-roupa-e-calcado/limpeza-e-cuidados-do-calcado/11790,,,263,30
3,False,11791,11791,Lavandaria,lavandaria,/shelves/limpeza/limpeza-roupa-e-calcado/lavandaria/11791,,,264,17
3,False,10600,10600,Guardanapos,guardanapos,/shelves/limpeza/guardanapos-e-rolos-de-cozinha/guardanapos/10600,,,265,14
3,False,10601,10601,Rolos de Cozinha,rolos-de-cozinha,/shelves/limpeza/guardanapos-e-rolos-de-cozinha/rolos-de-cozinha/10601,,,266,15
3,False,10471,10471,Pasta de Dentes,pasta-de-dentes,/shelves/higiene-e-beleza/higiene-oral/pasta-de-dentes/10471,,,267,40
3,False,10473,10473,Escova de Dentes,escova-de-dentes,/shelves/higiene-e-beleza/higiene-oral/escova-de-dentes/10473,,,268,40
3,False,10470,10470,Fios Dentários,fios-dentarios,/shelves/higiene-e-beleza/higiene-oral/fios-dentarios/10470,,,269,6
3,False,10474,10474,Elixires,elixires,/shelves/higiene-e-beleza/higiene-oral/elixires/10474,,,270,29
3,False,10472,10472,Produtos para Próteses Dentárias,produtos-para-proteses-dentarias,/shelves/higiene-e-beleza/higiene-oral/produtos-para-proteses-dentarias/10472,,,271,5
3,False,10469,10469,Higiene Oral Infantil,higiene-oral-infantil,/shelves/higiene-e-beleza/higiene-oral/higiene-oral-infantil/10469,,,272,15
3,False,11758,11758,Champôs,champos,/shelves/higiene-e-beleza/cabelo/champos/11758,,,273,40
3,False,11759,11759,Condicionadores e Máscaras,condicionadores-e-mascaras,/shelves/higiene-e-beleza/cabelo/condicionadores-e-mascaras/11759,,,274,40
3,False,11760,11760,Coloração,coloracao,/shelves/higiene-e-beleza/cabelo/coloracao/11760,,,275,40
3,False,11761,11761,Modeladores,modeladores,/shelves/higiene-e-beleza/cabelo/modeladores/11761,,,276,27
3,False,11762,11762,Acessórios,acessorios,/shelves/higiene-e-beleza/cabelo/acessorios/11762,,,277,7
3,False,11764,11764,Unhas,unhas,/shelves/higiene-e-beleza/rosto-e-maquilhagem/unhas/11764,,,278,7
3,False,11765,11765,"Máscaras, Cremes e Limpeza Facial",mascaras-cremes-e-limpeza-facial,/shelves/higiene-e-beleza/rosto-e-maquilhagem/mascaras-cremes-e-limpeza-facial/11765,,,279,40
3,False,11766,11766,Olhos e Rosto,olhos-e-rosto,/shelves/higiene-e-beleza/rosto-e-maquilhagem/olhos-e-rosto/11766,,,280,18
3,False,11767,11767,Batons,batons,/shelves/higiene-e-beleza/rosto-e-maquilhagem/batons/11767,,,281,9
3,False,10476,10476,Gel de Banho,gel-de-banho,/shelves/higiene-e-beleza/corpo/gel-de-banho/10476,,,282,40
3,False,10477,10477,Sabonetes,sabonetes,/shelves/higiene-e-beleza/corpo/sabonetes/10477,,,283,29
3,False,10478,10478,Cuidados para o Corpo,cuidados-para-o-corpo,/shelves/higiene-e-beleza/corpo/cuidados-para-o-corpo/10478,,,284,40
3,False,10786,10786,Desodorizantes e Perfumes,desodorizantes-e-perfumes,/shelves/higiene-e-beleza/corpo/desodorizantes-e-perfumes/10786,,,285,40
3,False,10475,10475,Depilação,depilacao,/shelves/higiene-e-beleza/corpo/depilacao/10475,,,286,40
3,False,11763,11763,Acessórios,acessorios,/shelves/higiene-e-beleza/corpo/acessorios/11763,,,287,2
3,False,10538,10538,Pensos Diários,pensos-diarios,/shelves/higiene-e-beleza/higiene-intima/pensos-diarios/10538,,,288,25
3,False,10539,10539,Pensos Higiénicos,pensos-higienicos,/shelves/higiene-e-beleza/higiene-intima/pensos-higienicos/10539,,,289,37
3,False,10540,10540,Tampões,tampoes,/shelves/higiene-e-beleza/higiene-intima/tampoes/10540,,,290,18
3,False,10541,10541,Gel e Loções,gel-e-locoes,/shelves/higiene-e-beleza/higiene-intima/gel-e-locoes/10541,,,291,11
3,False,10698,10698,Toalhitas Íntimas,toalhitas-intimas,/shelves/higiene-e-beleza/higiene-intima/toalhitas-intimas/10698,,,292,3
3,False,11768,11768,Incontinência,incontinencia,/shelves/higiene-e-beleza/higiene-intima/incontinencia/11768,,,293,24
3,False,11316,11316,Barba,barba,/shelves/higiene-e-beleza/homem/barba/11316,,,294,40
3,False,11317,11317,Rosto,rosto,/shelves/higiene-e-beleza/homem/rosto/11317,,,295,13
3,False,11318,11318,Cabelo,cabelo,/shelves/higiene-e-beleza/homem/cabelo/11318,,,296,33
3,False,11383,11383,Gel de Banho,gel-de-banho,/shelves/higiene-e-beleza/homem/gel-de-banho/11383,,,297,25
3,False,11325,11325,Desodorizantes e Perfumes,desodorizantes-e-perfumes,/shelves/higiene-e-beleza/homem/desodorizantes-e-perfumes/11325,,,298,40
3,False,11322,11322,Depilação,depilacao,/shelves/higiene-e-beleza/homem/depilacao/11322,,,299,7
3,False,10529,10529,Bronzeadores,bronzeadores,/shelves/higiene-e-beleza/produtos-solares/bronzeadores/10529,,,300,8
3,False,10530,10530,Protetores,protetores,/shelves/higiene-e-beleza/produtos-solares/protetores/10530,,,301,25
3,False,10528,10528,After Sun,after-sun,/shelves/higiene-e-beleza/produtos-solares/after-sun/10528,,,302,8
3,False,11777,11777,Criança,crianca,/shelves/higiene-e-beleza/produtos-solares/crianca/11777,,,303,8
3,False,11400,11400,Primeiros Socorros,primeiros-socorros,/shelves/higiene-e-beleza/bem-estar-e-cuidados/primeiros-socorros/11400,,,304,32
3,False,11401,11401,Desinfetantes,desinfetantes,/shelves/higiene-e-beleza/bem-estar-e-cuidados/desinfetantes/11401,,,305,3
3,False,11402,11402,Baton e Bálsamos,baton-e-balsamos,/shelves/higiene-e-beleza/bem-estar-e-cuidados/baton-e-balsamos/11402,,,306,8
3,False,11778,11778,Cotonetes e Soro Fisiológico,cotonetes-e-soro-fisiologico,/shelves/higiene-e-beleza/bem-estar-e-cuidados/cotonetes-e-soro-fisiologico/11778,,,307,6
3,False,11779,11779,Preservativos e Outros,preservativos-e-outros,/shelves/higiene-e-beleza/bem-estar-e-cuidados/preservativos-e-outros/11779,,,308,36
3,False,11780,11780,Papel Higiénico,papel-higienico,/shelves/higiene-e-beleza/papel-higienico-e-lencos-papel/papel-higienico/11780,,,309,31
3,False,11781,11781,Lenços de Papel,lencos-de-papel,/shelves/higiene-e-beleza/papel-higienico-e-lencos-papel/lencos-de-papel/11781,,,310,18
3,False,11782,11782,Toalhitas,toalhitas,/shelves/higiene-e-beleza/papel-higienico-e-lencos-papel/toalhitas/11782,,,311,10
3,False,11595,11595,Leites Infantis,leites-infantis,/shelves/bebe/alimentacao/leites-infantis/11595,,,312,19
3,False,11596,11596,Papas Infantis,papas-infantis,/shelves/bebe/alimentacao/papas-infantis/11596,,,313,29
3,False,11597,11597,Alimentos Lácteos,alimentos-lacteos,/shelves/bebe/alimentacao/alimentos-lacteos/11597,,,314,14
3,False,11598,11598,"Boiões, Saquetas e Purés de Fruta",boioes-saquetas-e-pures-de-fruta,/shelves/bebe/alimentacao/boioes-saquetas-e-pures-de-fruta/11598,,,315,40
3,False,11599,11599,Snacks e Bolachinhas,snacks-e-bolachinhas,/shelves/bebe/alimentacao/snacks-e-bolachinhas/11599,,,316,3
3,False,11601,11601,Fraldas,fraldas,/shelves/bebe/higiene/fraldas/11601,,,317,40
3,False,11602,11602,Toalhitas,toalhitas,/shelves/bebe/higiene/toalhitas/11602,,,318,18
3,False,11603,11603,Banho,banho,/shelves/bebe/higiene/banho/11603,,,319,34
3,False,11604,11604,Higiene Oral,higiene-oral,/shelves/bebe/higiene/higiene-oral/11604,,,320,2
3,False,11605,11605,Proteção e Hidratação,protecao-e-hidratacao,/shelves/bebe/higiene/protecao-e-hidratacao/11605,,,321,25
3,False,11606,11606,Bacios e Redutores,bacios-e-redutores,/shelves/bebe/puericultura-e-brinquedos/bacios-e-redutores/11606,,,322,1
3,False,11607,11607,Banheiras e Outros Acessórios,banheiras-e-outros-acessorios,/shelves/bebe/puericultura-e-brinquedos/banheiras-e-outros-acessorios/11607,,,323,1
3,False,11608,11608,Brinquedos Primeira Idade,brinquedos-primeira-idade,/shelves/bebe/puericultura-e-brinquedos/brinquedos-primeira-idade/11608,,,324,18
3,False,11609,11609,Chupetas e Acessórios de Alimentação,chupetas-e-acessorios-de-alimentacao,/shelves/bebe/puericultura-e-brinquedos/chupetas-e-acessorios-de-alimentacao/11609,,,325,12
3,False,11613,11613,"Toalhas, Roupões, Resguardos e Mantas",toalhas-roupoes-resguardos-e-mantas,/shelves/bebe/puericultura-e-brinquedos/toalhas-roupoes-resguardos-e-mantas/11613,,,326,4
3,False,10659,10659,Ração Seca,racao-seca,/shelves/animais/cao/racao-seca/10659,,,327,40
3,False,10658,10658,Comida Húmida,comida-humida,/shelves/animais/cao/comida-humida/10658,,,328,24
3,False,10660,10660,Snacks e Biscoitos,snacks-e-biscoitos,/shelves/animais/cao/snacks-e-biscoitos/10660,,,329,40
3,False,10657,10657,Acessórios e Brinquedos,acessorios-e-brinquedos,/shelves/animais/cao/acessorios-e-brinquedos/10657,,,330,4
3,False,10663,10663,Ração Seca,racao-seca,/shelves/animais/gato/racao-seca/10663,,,331,40
3,False,10662,10662,Comida Húmida,comida-humida,/shelves/animais/gato/comida-humida/10662,,,332,40
3,False,10664,10664,Snacks e Biscoitos,snacks-e-biscoitos,/shelves/animais/gato/snacks-e-biscoitos/10664,,,333,18
3,False,10666,10666,Areias e Higiene,areias-e-higiene,/shelves/animais/gato/areias-e-higiene/10666,,,334,9
3,False,11263,11263,Pássaros,passaros,/shelves/animais/outros-animais/passaros/11263,,,335,4
3,False,11266,11266,Roedores,roedores,/shelves/animais/outros-animais/roedores/11266,,,336,1
3,False,11280,11280,Frutas e Legumes Bio,frutas-e-legumes-bio,/shelves/alimentacao-alternativa/alimentacao-biologica/frutas-e-legumes-bio/11280,,,337,5
3,False,11281,11281,Frutos Secos e Sementes Bio,frutos-secos-e-sementes-bio,/shelves/alimentacao-alternativa/alimentacao-biologica/frutos-secos-e-sementes-bio/11281,,,338,6
3,False,11282,11282,Laticínios e Alternativas Bio,laticinios-e-alternativas-bio,/shelves/alimentacao-alternativa/alimentacao-biologica/laticinios-e-alternativas-bio/11282,,,339,26
3,False,11283,11283,"Talho, Peixaria e Alternativas Bio",talho-peixaria-e-alternativas-bio,/shelves/alimentacao-alternativa/alimentacao-biologica/talho-peixaria-e-alternativas-bio/11283,,,340,5
3,False,11284,11284,Bebé e Criança Bio,bebe-e-crianca-bio,/shelves/alimentacao-alternativa/alimentacao-biologica/bebe-e-crianca-bio/11284,,,341,14
3,False,11286,11286,Sobremesas e Apoio à Pastelaria Bio,sobremesas-e-apoio-a-pastelaria-bio,/shelves/alimentacao-alternativa/alimentacao-biologica/sobremesas-e-apoio-a-pastelaria-bio/11286,,,342,10
3,False,11287,11287,Bebidas e Garrafeira Bio,bebidas-e-garrafeira-bio,/shelves/alimentacao-alternativa/alimentacao-biologica/bebidas-e-garrafeira-bio/11287,,,343,24
3,False,11288,11288,Cereais e Barras Bio,cereais-e-barras-bio,/shelves/alimentacao-alternativa/alimentacao-biologica/cereais-e-barras-bio/11288,,,344,8
3,False,11289,11289,Cafés e Chás Bio,cafes-e-chas-bio,/shelves/alimentacao-alternativa/alimentacao-biologica/cafes-e-chas-bio/11289,,,345,24
3,False,11290,11290,Doces e Mel Bio,doces-e-mel-bio,/shelves/alimentacao-alternativa/alimentacao-biologica/doces-e-mel-bio/11290,,,346,6
3,False,11291,11291,Bolachas e Chocolates Bio,bolachas-e-chocolates-bio,/shelves/alimentacao-alternativa/alimentacao-biologica/bolachas-e-chocolates-bio/11291,,,347,12
3,False,11292,11292,Ingredientes Culinária Bio,ingredientes-culinaria-bio,/shelves/alimentacao-alternativa/alimentacao-biologica/ingredientes-culinaria-bio/11292,,,348,25
3,False,11277,11277,Leite e Bebidas Sem Lactose,leite-e-bebidas-sem-lactose,/shelves/alimentacao-alternativa/alimentacao-sem-lactose/leite-e-bebidas-sem-lactose/11277,,,349,16
3,False,11276,11276,Iogurtes Sem Lactose,iogurtes-sem-lactose,/shelves/alimentacao-alternativa/alimentacao-sem-lactose/iogurtes-sem-lactose/11276,,,350,15
3,False,11274,11274,Queijos Sem Lactose,queijos-sem-lactose,/shelves/alimentacao-alternativa/alimentacao-sem-lactose/queijos-sem-lactose/11274,,,351,7
3,False,11814,11814,Manteiga e Natas Sem Lactose,manteiga-e-natas-sem-lactose,/shelves/alimentacao-alternativa/alimentacao-sem-lactose/manteiga-e-natas-sem-lactose/11814,,,352,2
3,False,11278,11278,Sobremesas Sem Lactose,sobremesas-sem-lactose,/shelves/alimentacao-alternativa/alimentacao-sem-lactose/sobremesas-sem-lactose/11278,,,353,1
3,False,11815,11815,Bolachas Sem Lactose,bolachas-sem-lactose,/shelves/alimentacao-alternativa/alimentacao-sem-lactose/bolachas-sem-lactose/11815,,,354,2
3,False,11806,11806,Bolachas e Biscoitos,bolachas-e-biscoitos,/shelves/alimentacao-alternativa/alimentacao-sem-gluten/bolachas-e-biscoitos/11806,,,355,12
3,False,11808,11808,"Arroz, Massa e Farinha",arroz-massa-e-farinha,/shelves/alimentacao-alternativa/alimentacao-sem-gluten/arroz-massa-e-farinha/11808,,,356,4
3,False,11809,11809,"Cereais, Barras e Chocolates",cereais-barras-e-chocolates,/shelves/alimentacao-alternativa/alimentacao-sem-gluten/cereais-barras-e-chocolates/11809,,,357,8
3,False,11805,11805,Padaria e Pastelaria,padaria-e-pastelaria,/shelves/alimentacao-alternativa/alimentacao-sem-gluten/padaria-e-pastelaria/11805,,,358,6
3,False,11810,11810,Refeições Rápidas,refeicoes-rapidas,/shelves/alimentacao-alternativa/alimentacao-vegan/refeicoes-rapidas/11810,,,359,6
3,False,11811,11811,Alternativas Queijo e Charcutaria,alternativas-queijo-e-charcutaria,/shelves/alimentacao-alternativa/alimentacao-vegan/alternativas-queijo-e-charcutaria/11811,,,360,9
3,False,11812,11812,Sobremesas Vegan,sobremesas-vegan,/shelves/alimentacao-alternativa/alimentacao-vegan/sobremesas-vegan/11812,,,361,4
3,False,11813,11813,Ingredientes Vegan,ingredientes-vegan,/shelves/alimentacao-alternativa/alimentacao-vegan/ingredientes-vegan/11813,,,362,4
3,False,10711,10711,Bebidas de Soja,bebidas-de-soja,/shelves/alimentacao-alternativa/alimentacao-com-soja/bebidas-de-soja/10711,,,363,22
3,False,10712,10712,Iogurtes e Sobremesas de Soja,iogurtes-e-sobremesas-de-soja,/shelves/alimentacao-alternativa/alimentacao-com-soja/iogurtes-e-sobremesas-de-soja/10712,,,364,12
3,False,10863,10863,Cremes e molhos de culinária,cremes-e-molhos-de-culinaria,/shelves/alimentacao-alternativa/alimentacao-com-soja/cremes-e-molhos-de-culinaria/10863,,,365,3
3,False,10713,10713,Outros Produtos de Soja,outros-produtos-de-soja,/shelves/alimentacao-alternativa/alimentacao-com-soja/outros-produtos-de-soja/10713,,,366,7
3,False,10456,10456,"Massas,Arroz e Leguminosas",massasarroz-e-leguminosas,/shelves/alimentacao-alternativa/produtos-dieteticos/massasarroz-e-leguminosas/10456,,,367,22
3,False,10454,10454,"Farinhas, Farelos e Sementes",farinhas-farelos-e-sementes,/shelves/alimentacao-alternativa/produtos-dieteticos/farinhas-farelos-e-sementes/10454,,,368,40
3,False,10455,10455,Flocos e Cereais,flocos-e-cereais,/shelves/alimentacao-alternativa/produtos-dieteticos/flocos-e-cereais/10455,,,369,40
3,False,10450,10450,Bolachas e Biscoitos,bolachas-e-biscoitos,/shelves/alimentacao-alternativa/produtos-dieteticos/bolachas-e-biscoitos/10450,,,370,40
3,False,10451,10451,Chás Medicinais e Infusões,chas-medicinais-e-infusoes,/shelves/alimentacao-alternativa/produtos-dieteticos/chas-medicinais-e-infusoes/10451,,,371,40
3,False,10452,10452,Chocolates e Achocolatados,chocolates-e-achocolatados,/shelves/alimentacao-alternativa/produtos-dieteticos/chocolates-e-achocolatados/10452,,,372,8
3,False,10453,10453,Doces e Marmeladas ,doces-e-marmeladas,/shelves/alimentacao-alternativa/produtos-dieteticos/doces-e-marmeladas/10453,,,373,22
3,False,10458,10458,Suplementos e Vitaminas,suplementos-e-vitaminas,/shelves/alimentacao-alternativa/produtos-dieteticos/suplementos-e-vitaminas/10458,,,374,40
3,False,10906,10906,Refeições,refeicoes,/shelves/alimentacao-alternativa/produtos-dieteticos/refeicoes/10906,,,375,24
3,False,10457,10457,Substitutos de refeição,substitutos-de-refeicao,/shelves/alimentacao-alternativa/produtos-dieteticos/substitutos-de-refeicao/10457,,,376,10
3,False,10915,10915,Bebidas,bebidas,/shelves/alimentacao-alternativa/produtos-dieteticos/bebidas/10915,,,377,21
3,False,10621,10621,Decoração para Festas,decoracao-para-festas,/shelves/casa/artigos-de-festa/decoracao-para-festas/10621,,,378,8
3,False,10622,10622,Palhinhas e Velas de Aniversário,palhinhas-e-velas-de-aniversario,/shelves/casa/artigos-de-festa/palhinhas-e-velas-de-aniversario/10622,,,379,16
3,False,10623,10623,Descartáveis,descartaveis,/shelves/casa/artigos-de-festa/descartaveis/10623,,,380,27
3,False,10624,10624,Guardanapos e Toalhas,guardanapos-e-toalhas,/shelves/casa/artigos-de-festa/guardanapos-e-toalhas/10624,,,381,5
3,False,10625,10625,Outros,outros,/shelves/casa/artigos-de-festa/outros/10625,,,382,5
3,False,11217,11217,Velas de Aniversário,velas-de-aniversario,/shelves/casa/artigos-de-festa/velas-de-aniversario/11217,,,383,5
3,False,10626,10626,Cutelaria,cutelaria,/shelves/casa/cozinha/cutelaria/10626,,,384,4
3,False,10627,10627,"Frigideiras, Tachos e Panelas",frigideiras-tachos-e-panelas,/shelves/casa/cozinha/frigideiras-tachos-e-panelas/10627,,,385,32
3,False,10628,10628,"Pratos, Travessas e Saladeiras",pratos-travessas-e-saladeiras,/shelves/casa/cozinha/pratos-travessas-e-saladeiras/10628,,,386,3
3,False,10629,10629,"Copos, Chávenas e Canecas",copos-chavenas-e-canecas,/shelves/casa/cozinha/copos-chavenas-e-canecas/10629,,,387,4
3,False,10630,10630,Utensílios de Cozinha,utensilios-de-cozinha,/shelves/casa/cozinha/utensilios-de-cozinha/10630,,,388,39
3,False,10631,10631,Conservação de Alimentos,conservacao-de-alimentos,/shelves/casa/cozinha/conservacao-de-alimentos/10631,,,389,40
3,False,10726,10726,Fósforos e Palitos,fosforos-e-palitos,/shelves/casa/cozinha/fosforos-e-palitos/10726,,,390,5
3,False,10632,10632,Outros,outros,/shelves/casa/cozinha/outros/10632,,,391,7
3,False,10640,10640,Tratamento de Roupa,tratamento-de-roupa,/shelves/casa/lavandaria/tratamento-de-roupa/10640,,,392,4
3,False,10641,10641,Tábuas de Engomar e Capas,tabuas-de-engomar-e-capas,/shelves/casa/lavandaria/tabuas-de-engomar-e-capas/10641,,,393,2
3,False,10642,10642,Estendais e Cabides,estendais-e-cabides,/shelves/casa/lavandaria/estendais-e-cabides/10642,,,394,12
3,False,10788,10788,Utilidades,utilidades,/shelves/casa/casa-de-banho/utilidades/10788,,,395,5
3,False,10645,10645,Meias e Collants,meias-e-collants,/shelves/casa/textil/meias-e-collants/10645,,,396,1
3,False,10647,10647,Têxtil-Lar,textil-lar,/shelves/casa/textil/textil-lar/10647,,,397,24
3,False,10893,10893,Roupa,roupa,/shelves/casa/textil/roupa/10893,,,398,1
3,False,10648,10648,Ferramentas e Acessórios,ferramentas-e-acessorios,/shelves/casa/bricolage/ferramentas-e-acessorios/10648,,,399,7
3,False,10649,10649,Tintas e Vernizes,tintas-e-vernizes,/shelves/casa/bricolage/tintas-e-vernizes/10649,,,400,1
3,False,10650,10650,Colas e Adesivos,colas-e-adesivos,/shelves/casa/bricolage/colas-e-adesivos/10650,,,401,30
3,False,10944,10944,Aquecimento,aquecimento,/shelves/casa/bricolage/aquecimento/10944,,,402,1
3,False,10651,10651,Limpeza e Proteção Auto,limpeza-e-protecao-auto,/shelves/casa/auto/limpeza-e-protecao-auto/10651,,,403,31
3,False,10652,10652,Lubrificação e Manutenção Auto,lubrificacao-e-manutencao-auto,/shelves/casa/auto/lubrificacao-e-manutencao-auto/10652,,,404,30
3,False,10653,10653,Outros,outros,/shelves/casa/auto/outros/10653,,,405,3
3,False,10787,10787,Ambientores auto,ambientores-auto,/shelves/casa/auto/ambientores-auto/10787,,,406,18
3,False,10656,10656,Pilhas e Lanternas,pilhas-e-lanternas,/shelves/casa/iluminacao-e-energia/pilhas-e-lanternas/10656,,,407,11
3,False,10857,10857,Arrumação,arrumacao,/shelves/casa/arrumacao-e-utilidades/arrumacao/10857,,,408,3
3,False,10894,10894,Outros,outros,/shelves/casa/arrumacao-e-utilidades/outros/10894,,,409,1
3,False,11689,11689,Apoio Escolar,apoio-escolar,/shelves/papelaria/livros/apoio-escolar/11689,,,410,3
3,False,11491,11491,"Cadernos, Blocos e Papel",cadernos-blocos-e-papel,/shelves/papelaria/material-escolar-e-escritorio/cadernos-blocos-e-papel/11491,,,411,40
3,False,11492,11492,Escrita,escrita,/shelves/papelaria/material-escolar-e-escritorio/escrita/11492,,,412,40
3,False,11493,11493,Organização e Arquivo,organizacao-e-arquivo,/shelves/papelaria/material-escolar-e-escritorio/organizacao-e-arquivo/11493,,,413,25
3,False,11494,11494,"Desenho, Pintura e Moldes",desenho-pintura-e-moldes,/shelves/papelaria/material-escolar-e-escritorio/desenho-pintura-e-moldes/11494,,,414,40
3,False,11495,11495,Mochilas e Estojos,mochilas-e-estojos,/shelves/papelaria/material-escolar-e-escritorio/mochilas-e-estojos/11495,,,415,40
3,False,11496,11496,Material de Escritório,material-de-escritorio,/shelves/papelaria/material-escolar-e-escritorio/material-de-escritorio/11496,,,416,39
3,False,11769,11769,Música,musica,/shelves/papelaria/material-escolar-e-escritorio/musica/11769,,,417,1
3,False,11680,11680,Puzzles e Construções,puzzles-e-construcoes,/shelves/jogos-e-brinquedos/brinquedos/puzzles-e-construcoes/11680,,,418,6
3,False,11681,11681,Bonecas e Peluches,bonecas-e-peluches,/shelves/jogos-e-brinquedos/brinquedos/bonecas-e-peluches/11681,,,419,30
3,False,11682,11682,Ação e Aventura,acao-e-aventura,/shelves/jogos-e-brinquedos/brinquedos/acao-e-aventura/11682,,,420,2
3,False,11683,11683,Brinquedos Exterior,brinquedos-exterior,/shelves/jogos-e-brinquedos/brinquedos/brinquedos-exterior/11683,,,421,3
3,False,11684,11684,Veículos e Telecomandados,veiculos-e-telecomandados,/shelves/jogos-e-brinquedos/brinquedos/veiculos-e-telecomandados/11684,,,422,8
3,False,11685,11685,Jogos Infantis e Educativos,jogos-infantis-e-educativos,/shelves/jogos-e-brinquedos/jogos/jogos-infantis-e-educativos/11685,,,423,37
3,False,11686,11686,Jogos em Família,jogos-em-familia,/shelves/jogos-e-brinquedos/jogos/jogos-em-familia/11686,,,424,24
3,False,11772,11772,Piscina,piscina,/shelves/ar-livre/jardim/piscina/11772,,,425,14
3,False,11771,11771,Barbecue,barbecue,/shelves/ar-livre/jardim/barbecue/11771,,,426,13
3,False,11773,11773,Mobiliário,mobiliario,/shelves/ar-livre/jardim/mobiliario/11773,,,427,10
3,False,11774,11774,Decoração e Tratamento de Jardim,decoracao-e-tratamento-de-jardim,/shelves/ar-livre/jardim/decoracao-e-tratamento-de-jardim/11774,,,428,10
3,False,11775,11775,Acessórios,acessorios,/shelves/ar-livre/praia-e-campismo/acessorios/11775,,,429,10
3,False,11776,11776,Conservação de Alimentos,conservacao-de-alimentos,/shelves/ar-livre/praia-e-campismo/conservacao-de-alimentos/11776,,,430,5
